file_name,answer
b0a634c9-955d-43df-8cfb-182d809e5bb5.jpg,4
4bb25e7b-9b36-47d9-b198-f3f2a4fe0248.jpg,4
789240b3-4ed2-4168-b23b-8dde500ab8f1.jpg,1
91f4d0bc-0f98-4b3e-8235-1aa9e36b14ce.jpg,4
ba1010c4-a576-4019-bbe8-7081fdc45175.jpg,3
a13b640a-cba6-47d7-9230-e7e9174765fe.jpg,2
0ea46bf2-7ba8-4da3-95e8-1a14b37d3a9b.jpg,2
db0d02d5-d100-4b91-ad8a-b65f177c6be0.jpg,1
90d59588-76de-4fc8-8d99-81d3eb5eaf68.jpg,1
2bd3f477-2928-4936-93b7-c74001d3e6b5.jpg,1
9a601043-9cca-4aed-ae98-bdea1b2705a0.jpg,4
5fa44976-533a-4e5f-892b-9c57a8c52131.jpg,1
e46207b6-fe21-4235-9f60-7911dcd9cc76.jpg,4
91269eb1-4cd0-4108-80bf-f4fa805bac85.jpg,3
a85fd88e-16aa-4dab-884e-cdcc3c5f454e.jpg,2
9726e2ca-e5cc-44c5-9c47-a0c670301e4b.jpg,2
e3f9cd73-ca50-42c1-9ee3-8b725206237e.jpg,1
61eaf653-fa82-4444-a7eb-522c3a4c1e83.jpg,3
3232aba0-6772-4b0c-903e-13de0d85a40c.jpg,2
bf4d03fc-9ab1-4d84-8724-3ec217d1bc68.jpg,1
8a472890-be53-4e9b-adc2-bfd3260535de.jpg,1
174d10ae-51a4-4fed-a257-ca9c6f3dd037.jpg,2
7f3ce618-60c9-4c77-b1bf-a5684bc22ef9.jpg,2
cc8f7663-9ded-4193-af08-cafb97e71afa.jpg,2
69c9c4b0-68d6-4b56-85ce-f5f55a918d2e.jpg,4
6c8b53ee-4129-402b-83b7-630dff785180.jpg,4
d27223f2-1eac-474f-a979-05121511f805.jpg,2
74df0141-69e4-4208-9499-f05689aafd7b.jpg,4
29f90eb9-4ef8-4db8-a9dd-edd850b9e566.jpg,3
c7423263-ba20-448c-a97d-e8a5262037bc.jpg,3
934b6164-c02b-4ef6-bf26-9a180c63c6c3.jpg,3
854bdcc9-6647-4e5c-bc6c-b78ea6443066.jpg,3
7af99116-a860-45cb-a946-98a2e4affa6c.jpg,4
b7c4a2e6-ac54-4694-804b-15a6b91c1995.jpg,2
aede6a36-7a65-4fa6-9311-fbdc54b2627d.jpg,3
a6ff8ca9-49b5-4fc6-b59e-ff3555057176.jpg,2
43c6eccf-d57a-478e-b2cf-d27254fa26a1.jpg,4
ee206089-9275-4e2d-8880-72a5d8dede86.jpg,1
1b041aa7-5cfd-4cd5-aa52-aff8dc1ced89.jpg,1
563b030a-974f-4688-ae79-814ef2628ae1.jpg,3
6d2bd2d0-b7b8-49fe-9fa8-9f87c3fe05a4.jpg,1
8f5ae3ac-af46-4668-8dbc-371d3ae79195.jpg,2
a7acb820-d531-4ea5-b01d-693eb10b7c31.jpg,3
5547441e-7f36-451d-8d9c-6877a32d38a9.jpg,3
929f0375-e1d7-455f-8756-d6129dbf0de2.jpg,2
9ddc1981-128f-45b1-9f05-0311be7bcd5e.jpg,4
62880d6c-4dc3-48c0-a2b5-d3b3983c152f.jpg,3
801dd6c2-939c-4dd3-b48f-af24b3025dc5.jpg,3
a0ebc0ef-cfd9-40db-b335-915845656b0b.jpg,2
e1b4f197-acf3-4193-a62e-5ecb58f495a1.jpg,1
d2a6c14b-b429-4cf5-9fcf-fd2ad7e54e46.jpg,4
5ca9e43d-b2a9-4f45-929e-9c30212268a8.jpg,3
91f652f4-b9d3-4f72-807c-5048160a186c.jpg,4
97640d45-396e-4e96-b4ac-74ebb3704f63.jpg,3
aa6b5d89-49c7-4b6a-a451-581342e2b3bd.jpg,4
c100dc51-2bfd-4bab-84bc-ca22fb1c21a9.jpg,4
4719187b-aa80-4a4f-bba8-a86dd59cc08f.jpg,3
7e4a54f9-b3ed-4133-bc3a-84e2a243c01d.jpg,2
b1839ca7-22b1-4a7d-afe9-12873da34920.jpg,4
2398c81f-6ccc-4b04-8e13-e615d295e6b2.jpg,1
daae9d47-b268-45f2-8e46-15e4e297ded3.jpg,4
dda55180-e21b-41f9-bdc2-7e6bdec57f8d.jpg,3
0f6f83e3-f9df-4a58-a3ac-f9fa9d094a4d.jpg,2
c2d71114-1f8e-4f73-99d6-f3d6b39244b6.jpg,3
b4a5d20e-c56a-4906-9f74-931cef5b3ef4.jpg,2
66d4241b-91f8-464c-b803-1babc8b0d43e.jpg,1
4c5a5b85-a649-40ae-9d67-39524ce66fb2.jpg,3
f8f754af-5ced-4ad1-88cd-83a3110c058c.jpg,1
64973b17-47ab-4f22-a39a-10da3faa90a1.jpg,1
24a6ba82-549d-4d8d-96c3-c6653902012c.jpg,1
52d2f356-c8c7-40dd-8d97-3592cd26eb5b.jpg,4
38b8f070-4188-4545-853f-541759cedc48.jpg,2
928a31e0-a619-4955-8e83-5d6bb7fc5529.jpg,2
02e23fc9-4080-4bb2-9ad3-af6bb85fee27.jpg,1
4d53d326-3939-4c73-bddb-62565db3775f.jpg,4
d22ba04a-03e2-4d41-af35-9dd56338b47c.jpg,2
a512c69c-172d-49e9-9236-1c565c044e9e.jpg,3
39262588-015a-4a9e-b07f-b7a7cec3e9d8.jpg,2
9ded9f8e-e37a-4b28-860a-386487c82f26.jpg,1
a40f298b-ab3e-4bda-a922-8d008d52499f.jpg,3
44460e5e-1c72-49c5-bcbb-65cf09a1c9c5.jpg,1
89e46193-6807-4aa9-a022-7c74d9addde6.jpg,2
c762cbd5-9ad1-4248-bb06-99b7342e8e14.jpg,4
d34dc187-2c18-416c-bbd6-2c972a60bd87.jpg,3
48b600f9-2c89-412d-8c19-15fc73233089.jpg,3
88a18ddf-2e90-468e-9888-2d2fb7523c97.jpg,1
faef62aa-cdf2-40b1-9347-a6bd108e9e99.jpg,2
8a5382c3-7f22-4188-b133-01eca77e8d61.jpg,2
be3afab1-c4c3-40d4-abf4-41463a6b6cbc.jpg,3
01b1d335-8c0c-4e58-a9d8-81caa0bbf28e.jpg,1
f49d0509-ab58-4187-a8c1-0255162ae490.jpg,3
075380e0-ba96-4ae0-953b-951144c3d354.jpg,4
d82bdd6a-363d-4af2-9f63-dba6b8b72639.jpg,2
dc47031d-5334-4025-9069-4eb185d1abb6.jpg,2
eeed2128-6302-482b-bcb4-655cf416b532.jpg,2
25ce2bdb-a978-4d44-896c-985227c7d894.jpg,1
35c5cbea-64a2-4b89-a17b-fd653f6025e1.jpg,2
40c9de7f-8c13-4c28-904c-52cc06e00746.jpg,2
b44add36-d0a0-436d-804b-82bc495b5929.jpg,1
ffd9fe30-b5c6-4108-890e-c8acf24e79ed.jpg,2
b1ff42f2-847b-4e39-a43e-d64daad6b7c2.jpg,4
3cec35b6-0048-4d98-aa71-3d78ca868503.jpg,1
f2a37a06-0fa2-4b56-a2ac-0811b73b6a02.jpg,1
c5fe4d71-12bb-4a75-a045-70d62d8755f3.jpg,1
be74eaab-ada6-42db-be8a-682a59449483.jpg,3
5d1e050d-e9c6-4504-9688-257aa0cf8662.jpg,4
b9436adb-e75e-47f4-b46b-325a5316c3ec.jpg,2
0815c98b-e730-4268-83e3-1977e08b28fb.jpg,3
f53836ab-038f-449c-8311-3194484fdebe.jpg,4
56d0c2fc-bdde-4148-9208-ae30917e2105.jpg,4
fe084be3-6b86-47d8-b0a8-38f407809540.jpg,3
2612bb73-606e-4fc9-96c8-6243f0ea45c9.jpg,1
0849118e-b2ef-43dd-8725-341a9917646c.jpg,3
50084fa4-2fad-4414-b07c-c8ddb57c032f.jpg,3
a38be000-d494-47ef-b9c6-edd2715f3721.jpg,1
18f76072-0a36-4eab-9026-971b53e8d9aa.jpg,2
23b57ef3-fe5a-458d-b393-721f8ecc0bb8.jpg,3
462fe7e6-606a-4be7-87f4-e4ad591f86c2.jpg,4
3b730247-8ad7-442d-85a6-1cd9bfd70d7d.jpg,1
9bc60862-63d1-4ebd-bdf8-f84ae415ec95.jpg,2
bff22116-9039-429c-8736-badefd60709c.jpg,1
05b11a69-9fca-4ff5-924a-35f72d17c82a.jpg,1
74e739c6-0b6c-4dce-ab31-7398755f6962.jpg,1
dfbf8470-c1a9-4895-8d1b-77011ff99e2f.jpg,2
6eeb0bd6-7acf-44a7-84ae-ef9bdf075285.jpg,1
7f444ea5-06d2-46b2-8092-efc4fd66cf88.jpg,4
9d1ee7d0-0ed7-4ce9-a66d-3ff0c00bf379.jpg,3
e100e5f0-28eb-49de-84ee-20ba61f0d6bb.jpg,2
cc3aec27-f8df-4ebd-9dfa-a7869b31c9f3.jpg,3
4f0365eb-4345-4387-aeb6-03b1a40651ff.jpg,1
62cfa90c-7bcf-4f19-ba2b-8b475b81c2a1.jpg,2
b69a1fed-10d9-415b-a1cb-c727bdba94e4.jpg,2
c7098d15-981b-4db9-a482-86b67320d32f.jpg,4
d2ba04fe-211d-4bbc-b1f7-28f20f051564.jpg,4
eb647070-a794-480b-91ac-f000e986bfe5.jpg,4
690bd28d-3c5e-4c59-af3d-fc959080f439.jpg,1
7cfb4158-f802-4742-a3fd-ac54bbf4b595.jpg,3
2a400a5b-e7cd-444b-a89f-7d67dc36ec05.jpg,4
9f4a439d-b800-40a8-9782-241ac45874dd.jpg,1
65ec2351-d4e2-4e55-92ba-296114006153.jpg,2
5ec88531-a6cf-47eb-8f35-7e8dca5e4536.jpg,4
35db40c4-0d49-4edc-8cb7-309aaeb215f7.jpg,2
208b974e-4579-4d49-95c4-a8e9fdbe0824.jpg,3
9583718c-2b10-405e-b337-c9321e5a4bd7.jpg,2
0e471a5d-920f-4066-a46a-9da64b7aa021.jpg,3
1e22d224-fb7f-4710-9750-0f7e94a90be7.jpg,1
2b3c87ab-f2df-4743-995c-871613d0851e.jpg,2
cf7fa5ee-fee8-404e-b42f-ba4f7ef69002.jpg,2
86425b89-2b83-42d0-a06c-db086e37fb64.jpg,3
fad42830-03b4-463a-96a6-711c0df64ebc.jpg,3
0c809513-a7c5-4e45-be85-0257ec6b6d27.jpg,1
45bff182-8621-43ca-a192-ced131c2f183.jpg,2
feaff22a-8307-4e95-b5ba-fa173a0fca14.jpg,3
12368c63-a9f2-4ca3-a6a0-34ba37fd7b6b.jpg,2
0bb0c1c2-6856-4792-8f5d-0db513e1904e.jpg,1
ba241e5c-f67a-4014-b9b7-6320b557c205.jpg,3
eecb037a-d758-42d6-b3f2-f61e95223a8b.jpg,2
d1335855-b479-4004-a308-09b54c3d2779.jpg,1
8db7cd72-f953-44c8-8311-a9e8a694f5a9.jpg,4
cdae0a97-d127-4723-b9be-829dc74000f2.jpg,3
268aa931-6417-408e-abe8-12bad8408c12.jpg,4
fd33ca40-14cf-4242-8795-b002de461ed4.jpg,2
2b8ce723-c656-40eb-bd72-9bf2ba39b5dd.jpg,3
bac9f883-83e0-4a44-ab1b-82b49e5b314c.jpg,2
bb29082b-b19c-4445-8bb5-37a7f54cf2a2.jpg,3
a58ffc25-14da-4f87-9a1d-29b982b73600.jpg,1
0961759d-25f1-46aa-9655-b7fd62288bbf.jpg,3
8390f1dc-d8e4-4031-8869-f14181dc4bec.jpg,2
ff613e0e-fc46-45e8-b9d1-f1cd9454b752.jpg,2
a09e3ab9-ef80-4e20-8137-43cb06fea1be.jpg,2
6dc8e7c8-d6f7-46e2-9041-42fa34981f52.jpg,4
5b03fe9c-e8a4-4704-bcff-2c2f7fc9ef26.jpg,4
cf1d2eba-f953-4378-84b1-70d0cfe1b289.jpg,1
6eb5fd28-d404-4b61-8c3a-65fcb645ede7.jpg,3
7ca1bf6c-37fe-4de6-abb4-4b582b0986ac.jpg,3
9e8a4b6d-b476-491a-9f73-5bb6046c840b.jpg,1
5df481b6-8734-4b1d-9160-f99b5cd4bc98.jpg,3
9d20995b-a146-4d14-af31-3e31a8717058.jpg,2
5fa5b4af-b99a-4735-bba5-b84aed424e43.jpg,4
8d8f9896-3d74-4953-8cfe-99db45d004e4.jpg,4
b22d248d-91db-4ea3-91a9-418399d3451a.jpg,3
b1f60bbc-3c89-4afb-b82e-9d1d9e51fd38.jpg,1
318c6ec4-f2b1-4067-8e85-997cba90e7d3.jpg,1
7c17af19-7cd8-4571-9ab1-998652a63ecf.jpg,2
29124278-938c-4d1d-8781-8511f430e37b.jpg,3
ddd3a630-6479-4839-a690-0ab8c52a283b.jpg,3
debb6a00-63d3-4c9c-8c23-5f45944e6456.jpg,4
ef3d7cc8-fa09-45f9-8902-9605c42497df.jpg,1
2e4fb06b-915a-43b6-b987-13761a65b4b2.jpg,3
c379e35d-269d-4346-b28d-924f426dfb24.jpg,1
9317d028-7dc9-4414-98bd-7ac54d120383.jpg,3
b0e7eadf-943d-4711-9fcd-f9429603c9c3.jpg,1
06ce4910-36f7-42e0-a685-bfabe97abd5d.jpg,1
624407b7-1fb7-4266-91f6-535831798773.jpg,1
16d15a12-1b75-4144-88ac-a60d378f0ff8.jpg,2
83d7b81d-f768-4f93-846f-1c293f9ab4d5.jpg,1
66778f00-bb09-4e7a-9f4d-6f5f75916133.jpg,4
d2acbbd6-d7ed-4240-be81-5b50b8a79b04.jpg,1
96eb7e3b-f057-44b3-bfc9-495996c92b9c.jpg,3
fe7af914-56b0-4789-baa3-4accb6a77507.jpg,1
6d04ae37-7f7e-4dc6-beda-d9c97c428dbd.jpg,2
feb4adcd-0c8e-4d0c-9d1d-6c5973ab9601.jpg,4
20ba26d3-f59a-414d-9285-9d64dcd92c11.jpg,3
5e155dd4-7209-4125-acfb-d2f8c3a6211b.jpg,2
f88a02e4-2f3b-4691-b624-380dea842ce9.jpg,1
4ac68502-8610-49c9-aa8a-120d6cba0416.jpg,1
fb29ef56-7ad9-479a-8b6e-70307012ab32.jpg,2
4fc4999f-9fc0-4baf-b3bf-baddaf91861b.jpg,2
62478399-6fe6-41db-a2ac-3018e859f7ac.jpg,2
133f966c-bbca-414d-95db-d83372822924.jpg,1
95831895-0d1e-497f-ab32-e379b6928e1f.jpg,3
dd276beb-dc5b-4445-ba20-f5d2efe6f11f.jpg,3
969b2889-59f7-4ec7-9503-e43b793cbf3c.jpg,3
beaf6df9-272b-4885-98c8-d0a137716085.jpg,3
ac0c0b12-3a0b-4997-ba3e-82ac04b460ca.jpg,3
3a23bd97-5e5f-481c-99e9-32f7650ec6de.jpg,4
0c60aa18-efa2-403e-a69c-cb86395df2b9.jpg,1
3208e597-c4d3-4a27-8ab2-f4ed1b212755.jpg,2
4738b240-b118-412f-b139-5e81fd4729ab.jpg,1
a9a98606-4c2b-4355-8c59-eeab0ab2fcb3.jpg,2
98c10d56-a79f-4132-b1e2-6836819d8b65.jpg,3
2e43dd85-0f8a-4e0e-9c2e-02322dd215f7.jpg,2
46d56e56-968f-4402-92de-2ed7cc284504.jpg,4
1c4188c6-5338-45f7-a7f9-8cb79e183b49.jpg,4
ae33bb05-ab96-4abc-aebc-ca025d8efe4e.jpg,3
c040710a-9aab-4045-b876-936b892854ec.jpg,3
d4e5c578-e510-43af-b2a9-6ca35f5944bb.jpg,4
c711b153-cbfa-43e2-9b1c-b73d14ae5989.jpg,3
20c7d035-2ada-4e60-be22-b60824b40471.jpg,1
0809ac39-1b42-4474-b4d6-9522f79be4a1.jpg,1
83201702-b482-42f0-be3c-aea1b785d3bf.jpg,2
18460092-427d-4b7b-9629-57863a95e0c3.jpg,3
875132c9-a1f5-4969-ba2e-d69634557e32.jpg,4
f58ed5d6-9343-40da-a390-3c20f94c1372.jpg,1
bb823567-bf29-425b-afd9-901474ca6b33.jpg,3
856adf7d-0d8d-4496-b4f4-b347fec8d769.jpg,4
9a13687d-5dcf-4f17-b99a-aeed4d5ed4a7.jpg,1
b0d1aab2-a03f-4663-864e-9604ac832100.jpg,2
76df0128-2a27-48d3-a150-7bff161ee74f.jpg,2
5d73f26f-0eff-42f4-8b01-3f7f187ea32f.jpg,1
3cabcbe1-e229-46ca-b929-79da0059731d.jpg,4
61073ecb-9067-4168-b4e5-8ffce4c23b53.jpg,3
2847fb50-3aba-4048-b16c-95d6caad7fa9.jpg,1
cdce50de-0f39-47bc-98f7-d2997073b5a6.jpg,3
82ef2ccf-9626-4822-9dac-d68d95fe89bb.jpg,3
0be1b9aa-6a8a-4e48-83ce-c17ff64b11c7.jpg,1
c532e3be-387b-4456-b696-d6889af19b6f.jpg,3
c8b070ec-5441-4d00-b97d-881d324f994b.jpg,2
cc9efff8-6e82-4fcf-95c3-3fbc8cfc17e6.jpg,3
06c8188d-27bf-4081-b217-162958a2e696.jpg,4
5cc14168-0d63-4937-bae8-c4b897f2e48e.jpg,1
57448f1a-85b5-4bcf-bd97-7c74d25a019a.jpg,2
6c3707e1-d8e9-4adb-8ed5-377bb9c9a357.jpg,1
dbdee747-d271-473a-a45d-0cb05afacabf.jpg,3
b421a341-2d60-47a1-97e1-4a37a56cf29f.jpg,2
c392fda4-144c-4665-9a6b-ae58b18197be.jpg,3
ee002b3d-b12b-4a47-a51b-c1a6fb9cc622.jpg,1
eef278a9-2e96-476d-9c67-c0cd08ca90a6.jpg,3
11715f94-b83f-49df-b32d-350a3a52ccf1.jpg,2
b734cf44-c369-4ee3-9a1b-70dba93cb596.jpg,4
3e497707-dbc9-42a8-8788-6d4de0572908.jpg,3
48c8f42b-a53e-4e26-b4ee-71d0c2359501.jpg,1
0aa7b37a-637a-444d-93c8-41077cc9d96b.jpg,2
fd44bf95-6fbd-4e5e-847f-a25ccae998b6.jpg,1
c08ffbd9-8b2e-4b58-a238-c7680e4d7c37.jpg,3
ba2e620e-da4b-4cdf-a1d4-a33c5c12c47f.jpg,4
89633860-0402-4c30-8789-a2afaab70955.jpg,1
69435553-4750-4643-84b0-6df8a3c7fbc0.jpg,3
ceddd643-7f05-43b5-a78c-2f3d36a7ed37.jpg,2
88b5ba6e-9e43-452f-8852-b8f6ddb40e3f.jpg,1
d5f0938a-67be-487c-9139-8d4e99c3447d.jpg,1
b77b3d81-ffac-43b2-8618-c0366f34e980.jpg,1
43b8dcf8-4063-4879-9d0c-e69764f473d4.jpg,4
87e7dfdb-2d14-4adf-b7bc-b1d38c226797.jpg,3
02c47332-c179-4721-92db-98c35b2814cc.jpg,4
fc1d2231-0455-45da-a06c-1e0cc7a7af83.jpg,2
fc709eea-1dbc-4fa4-9e30-c00821c8cb11.jpg,4
a01daef8-79ae-4acf-b913-d6b55656f72a.jpg,2
40e7ea82-24b3-44b4-b967-521d0ada1d82.jpg,1
27853031-2316-4bf6-9b76-b109e302ca7a.jpg,4
2dc4de43-39e2-4975-9f53-f4d6ccfa24cb.jpg,4
14cb1890-556c-4460-abd2-e0c4239270b5.jpg,1
2b30c89b-76e0-46ef-b9b1-dafed2accbb9.jpg,1
1eaf006d-9e6a-472b-8c52-157242f82bc5.jpg,1
935bfd09-f74b-4107-95ce-2321c8df9ac3.jpg,2
2c79f377-946d-4055-80f9-48b63b7f3e81.jpg,4
ed89bbaf-0dae-4763-b8ff-db836e45ad1e.jpg,4
e6260709-2829-48e6-9ee4-0242ca65c9ff.jpg,2
9d73c4fc-db4d-43c5-a2f1-06ec023a1c02.jpg,3
f25d1a6e-ac34-43a5-a54b-9d91cabb10e0.jpg,1
fb7663b7-6921-4e13-bdaa-c7a30617fcf1.jpg,3
b8ddc8dd-0268-48d4-b098-4c676ba1fafd.jpg,2
9b41cbb2-afd5-4437-a590-d5e53c250751.jpg,1
4aba392e-d8ee-4b11-a790-468f5b52eb28.jpg,2
0d1ffcf3-60dc-4dbc-8666-d6b7dbaa31ff.jpg,1
065fe988-5d40-4e6d-8f1a-4ee01a8d39b9.jpg,1
3f6876f9-b2c6-4778-9377-d51e2aba644f.jpg,1
530d93aa-5664-49e9-bf62-9724396f0987.jpg,1
2c9361d8-c6c3-4c35-93bd-ff44917f9bc2.jpg,1
2ed65a31-7391-4bad-bf3f-62b06fd3f6e7.jpg,2
62499b53-6f5c-4872-861d-ee14ab23983c.jpg,3
bc83d9df-e212-42b4-95b3-33eb2c9c5797.jpg,1
164040c4-1a41-401d-be3e-9f5d0b7d17f6.jpg,1
f138ba81-b452-4840-8c17-69910d84ffc0.jpg,1
071093df-0664-4d6c-82d4-a486df38da7f.jpg,2
04048c9f-a082-4abb-8b24-c5da3e96fc22.jpg,4
cd04416e-09de-43d2-ac1e-01ec4680eba5.jpg,1
f76fc648-bbe0-48b1-a06c-1cc9684a365a.jpg,1
251e292b-d89d-4b05-a9ff-5278b612b3da.jpg,2
a79f6abb-481b-4c69-a018-797a774f6684.jpg,2
150dc705-2b3a-43ce-94c7-19e369d1716d.jpg,1
d5f83f3f-a199-4324-b059-edd1c0bdd3ad.jpg,4
e8bd39bc-0072-4d3b-a8ff-5f4a4e52a354.jpg,3
e42524e9-79b4-42ed-9d19-8ae4d92234a5.jpg,1
e7ec556e-04d1-4c0c-bace-8757c1db8b95.jpg,1
1753f815-f129-496d-9557-08542d2660f0.jpg,1
0faf3242-de52-4b22-883c-6acc335cb754.jpg,1
7c48641c-df78-4491-87dd-296583fa0fa7.jpg,1
37c51239-e213-4c68-ad10-6b552a4440e0.jpg,2
1eda333c-edc1-406f-892e-ce98f07b547c.jpg,1
2e3450db-371b-42f2-9ba6-d6b2ca8ceaef.jpg,1
8fa52c73-8efa-4f47-b543-05502d3b89e9.jpg,4
b5c7c525-ce9c-4281-96b9-ec61b4caf5de.jpg,3
70e42cd7-3827-4033-9245-1a697700bae1.jpg,4
697772cd-6baa-475a-bad0-36c1eccd6d79.jpg,1
3ec0f291-a9d1-4603-8642-56bbe2ab5375.jpg,1
8717d5ac-677a-485f-a8e8-9705d6f1f22a.jpg,3
56274304-476e-456e-800f-b84d9d5e6a58.jpg,2
c8ac68f0-a24d-4424-bb07-60db8a50eb87.jpg,4
864c1ab1-d9e3-4a89-853f-800216de4b4d.jpg,3
e9ca6c0b-c15c-48e1-934c-5ad548729a14.jpg,1
3c792b1b-18d6-4c9e-8a9c-930cc01689d7.jpg,2
a0b3b686-9303-42b6-ba62-dd90e07ab540.jpg,1
e5a03974-6e40-4a89-bfa1-a070c3d06b19.jpg,4
dbb2ab8b-d5e8-4fbe-9989-1eb409ca36e3.jpg,3
bbfa8a80-0b29-4734-b860-04670728abd3.jpg,3
ec60ab29-f9e8-4263-8123-d96749fae5d9.jpg,1
8e534f73-b63e-4ea2-b548-0336a8998b53.jpg,1
2530f02a-c639-4591-b452-1e9e3539b10a.jpg,1
b7f091c5-58a5-4719-881d-baa4152f8360.jpg,4
25ee626e-58cf-4a7c-88ef-eead810ca6c6.jpg,1
e754d851-729d-417a-8fc4-891f01c26fa3.jpg,3
b6dd67c3-1c77-4de7-8ea1-2783e0734880.jpg,3
84b6e681-a0c9-4099-9454-054167e325ed.jpg,2
28550e31-2f89-43ac-af3d-4c1da91e217b.jpg,3
896c6ec3-c9f6-4813-992b-632f89b6053b.jpg,3
3274ff10-edf9-4856-be33-c268667baba8.jpg,1
2735681e-c783-42c9-ab74-fea3f7a7fd99.jpg,3
087aace8-ebb2-4f4a-bf21-7138e5f78621.jpg,1
67bb149a-6ad2-4f80-96f7-5c6d01d9e9f4.jpg,1
e030229b-0fba-4a5f-bff8-e160829ecc6f.jpg,1
93ac023e-0ac5-4f8b-804d-e343d2075130.jpg,1
e7c81c5c-6dd8-44c4-9631-14902118a6b6.jpg,3
00c57e89-d89a-4aac-be6f-72478eba9252.jpg,4
ffd8e6cf-ae7c-46f1-91b2-fae2e563eaec.jpg,3
3f6bb848-72c1-4426-b24b-ff408cac173a.jpg,1
e535e231-ae96-4999-b390-68b5cd82701b.jpg,2
d03c8f97-67a5-4549-8ff5-bd1986e9b186.jpg,4
5a880595-dd0b-4c1c-8b84-4a1e499d0067.jpg,2
4f2b13da-61af-40ae-8117-69316cfa56d5.jpg,4
b0eb9690-aa92-4709-8e10-99b100e59650.jpg,3
63063cfd-6587-4bfa-93af-e4d911282c4e.jpg,2
957ca97e-43ae-462d-8432-df38aeb5eae2.jpg,4
6cff8156-efc8-4b02-b067-ec51f803a476.jpg,4
4201ed4c-1dd3-409c-92bb-edc1a293688a.jpg,4
b8f7f9d6-a41b-46a0-841c-de163be33695.jpg,4
eb746ce5-b30c-4042-b551-c2b8a55bacc1.jpg,3
cb1963cc-2873-4c78-9f2b-8c4e11f26047.jpg,1
3819ca10-4aef-4823-9302-d47771014881.jpg,4
4252fae8-bd83-485b-91fe-f7c1e06978e1.jpg,4
91b7905f-13ab-4e0c-a822-2cdcb52c30c8.jpg,3
5efaa4db-c8a8-4fce-bfe0-83c5c925ca5d.jpg,3
1fec13f2-7bce-42aa-b0a8-c3abe5c9b5a4.jpg,4
57a38465-d3ea-4d8b-812b-73db78505017.jpg,2
46204dde-a191-4b88-9182-13c0b459c9e2.jpg,2
650fd29c-c20a-49ea-b4cc-13fc8c6fd1d8.jpg,2
655cd5d1-7409-4a8f-99e5-a29afb1c7434.jpg,3
82e3c5ee-0a23-47f2-a2ed-6330b2fc063f.jpg,2
f82b064f-2586-49f6-a4d8-af2429dee60e.jpg,1
d3a99388-e2d8-42c3-b41c-417dfeca33a6.jpg,1
2964c363-1bb0-475b-b9c1-bc03fd0ce0fb.jpg,1
ee8dadc8-aea7-46ff-9584-0dca496e3907.jpg,2
c7989663-e290-42f6-ad75-9a1cad284878.jpg,1
e27ec89b-dcca-4470-b895-01016bb4b270.jpg,1
b543e52d-38c7-4aa2-9d9c-d448902e6073.jpg,2
783ad5d4-4d70-4800-984e-8520e596443b.jpg,3
0ca27d39-2505-4903-b396-2f244e29055d.jpg,1
34ad8796-6fae-448d-b061-e69f3d019518.jpg,1
55adf8da-09c2-4f2c-8f81-3fd9ded882e0.jpg,1
75151ec7-c74a-4595-a927-41988c81c91a.jpg,4
5c40001f-848f-4863-98d5-81fac5c149c8.jpg,2
962b49ce-7efc-4c39-ae8d-f84ff34aa89c.jpg,3
13e903c5-0800-43b1-9836-3f664492592d.jpg,1
159731b2-e198-4f3c-8d91-fa7c4e28d658.jpg,3
dce3ac4b-e32e-456e-be7c-cdde28bf54aa.jpg,1
55291b74-5c24-4502-ae91-e8b5683f472d.jpg,1
637714c2-020a-40f7-9a19-5aa139680855.jpg,4
bed8d1ca-9f84-4450-b3ae-cdb54060db3b.jpg,4
9afecc83-a290-41be-9fe7-8f5cc1dd829e.jpg,2
99031a43-50a7-4262-8a36-5a9f9a303ea6.jpg,2
54d70ae1-c76b-48d3-8e15-5ef022e1a5e5.jpg,1
42d8a2dc-b02d-4deb-a79c-9695a37c1943.jpg,1
b6770863-aa1e-4af8-afaa-174905a6fb1c.jpg,1
a9b52ebb-5e86-4aa8-8065-bdd443054c7a.jpg,3
7e29b91b-fd94-41c9-b695-b99f6c4f4667.jpg,4
0daa3533-49b9-47b2-b03e-679c517162d8.jpg,3
5d0c8c73-31f4-4956-89a8-d7ec8a33ce63.jpg,1
28735ed9-2526-4713-8b21-e005067a7a95.jpg,1
cdc7411b-a104-4bb4-8d32-63b73838e33a.jpg,2
57bdb109-ede0-434c-8848-651cb627eba3.jpg,3
c71d11c1-f47a-4171-b784-3d715025cbcd.jpg,1
98ec166d-219a-458c-9e5c-6638c0f504c4.jpg,4
1642b0af-eda1-4f8b-ac29-1a92347dbe46.jpg,4
e36ea496-8234-4638-9063-fe9fc489f360.jpg,3
416a7aa2-8b54-44d7-8f06-9fa2edd08c8f.jpg,3
848a46c4-a8da-41c5-bf02-3efc931c1283.jpg,2
2efe5784-6ff4-4308-a3bd-45fd3e8e0bd0.jpg,2
fcbc357f-b718-4ad4-9e22-dd356dd677db.jpg,4
7666e8c5-56e5-4ee8-982d-5d0b97aedbcd.jpg,3
37595b91-fb95-4089-bd83-dfa0104d4f96.jpg,1
ef05e26c-83b8-4cc1-be15-60cd4b766f56.jpg,2
1fb86b9c-5454-4adb-93cd-b7dc28151ac2.jpg,1
6800427d-ff5e-4546-bd24-9977e4e2bf90.jpg,2
9e598f7c-5c96-4bcf-9179-3af6b758abd5.jpg,3
0c6b9872-6643-4a9f-8d33-bd1f901d4f03.jpg,1
78c2f7a5-5b6b-4f84-975d-69a871457166.jpg,4
c7b6afd5-f00c-4010-9d3e-5eff5975df90.jpg,1
cdfe9718-3090-42aa-8bc4-05ac703ae798.jpg,2
dc79cbee-d507-4ab5-a905-a5173ae4b6de.jpg,2
4dda5972-0519-49de-9f7f-bd40d47896ed.jpg,2
02705164-09ad-4f4d-8f38-8795d565a93e.jpg,2
7795dc8a-7787-464b-a781-9ff03e4130ad.jpg,1
e6abe109-e688-45aa-8085-b253ce0dcb88.jpg,1
c35f0d92-fe89-43eb-b61e-0c9cc5a6bdb9.jpg,2
bd0ee0b8-28e0-4317-b8fd-c9e84de7c410.jpg,1
601f9f92-c523-4156-8460-99b582dad1d7.jpg,4
245d1614-a8aa-43b8-8b98-1031a6556f1b.jpg,1
e395b6ec-5d3f-4bb7-b96d-4a86afa9219c.jpg,3
935523c7-70c2-4ffa-ac90-47c4812f1ddc.jpg,3
261721ca-8b9e-4da6-b08d-099cb18d72cc.jpg,2
6e437ecc-ec61-4686-9721-710715968fab.jpg,2
c52582f0-7a6c-4f92-af3b-62c0452772c2.jpg,2
76aad975-5611-493a-a644-da086801b40f.jpg,1
a4727740-b072-420c-9e77-f96c5d7a190f.jpg,2
7ee9a9ab-a4b7-4991-a0a0-66e97a384177.jpg,1
3d5f3d59-96d4-42e6-92fd-0c4ce3954871.jpg,4
62313a23-973b-4775-b0c1-5dfd1378162c.jpg,4
0a262520-b502-4d0f-94b6-8578d16485c5.jpg,2
c2ad270c-8d47-4f70-bf56-094e00ca313d.jpg,1
d48ba9f9-4dd4-4268-86fb-24ecedec36ea.jpg,1
002bb45a-ec81-4c48-8a3f-230c330c0f50.jpg,3
578d88ff-783e-45cf-a139-91796e9222f6.jpg,4
2e51c6c1-21bf-4acf-a1e1-b10beb6d5358.jpg,1
444b8451-56cb-46f8-8873-899082f968fa.jpg,4
d23fc93e-ec7c-477e-9a60-1f0105bf189c.jpg,1
08412dad-186c-484d-ad25-49413e3846cc.jpg,3
e5b941b7-fe0d-4c4b-8771-015b4b6da7e9.jpg,2
fb811b5b-547f-4d89-9efd-4c91bc7fadc8.jpg,4
d60e711b-5de7-400d-a1d3-173c2cd421f3.jpg,2
957836df-0415-4caa-9ac6-aa260b9361c7.jpg,2
e5d15a92-ee75-4fb7-83ef-79080c44f382.jpg,2
00c1087f-eefd-41be-923e-9845066a26a3.jpg,3
dd3ab567-4463-42fb-9cda-f3aa87dc928e.jpg,2
2e193477-1ca6-4051-9e00-34fc5addc0a1.jpg,4
546cb84e-5481-49a4-91d2-1c98e02bca7b.jpg,2
42ee1721-3b3e-4a6a-8196-1c276afa6543.jpg,1
02c80658-c449-4d51-b9f0-d3a92caffbd0.jpg,2
07db136f-eaae-4486-bced-c4d2cb804dce.jpg,1
bef3e384-bb3d-472c-a3bd-673d2942c648.jpg,2
eac6dc97-8e1c-463e-ac12-75d76c155d0e.jpg,4
c1ec7cb5-9489-4712-8a14-8e6ebd511e4e.jpg,4
968e3f63-7b73-4266-b20e-94a8dd0efe0c.jpg,4
58c34526-bca0-4b9b-9071-5e9ead3da4cc.jpg,3
0351cdd5-867c-40ae-aa22-1abd3173869c.jpg,3
eebbec65-ab79-44fd-8a2c-4ec8866ecabf.jpg,3
14ec7053-2c00-4535-8709-a58e79c05380.jpg,2
a08d4560-ee90-49e2-9373-9489d1bd7bc9.jpg,4
9ecd6eb9-4582-452e-956c-e70f2879542b.jpg,2
cefa0887-95c3-42e2-86d7-0140c4602003.jpg,2
a778862a-80ac-47db-b5a1-5c50496e3879.jpg,1
d5b696b9-2a66-4fe5-ae88-792a4b1beeb2.jpg,1
1b6181f5-08f6-4404-95b7-ce01214d2f48.jpg,2
6e421c0e-c025-4a37-8d51-39b5801e5447.jpg,2
f2378435-975f-4ad2-a4d6-227738eb1195.jpg,3
74d1419d-6eeb-4738-aea7-ba1a0601cccc.jpg,2
44143467-5ab5-42a6-967d-61555e7d589a.jpg,3
a4a13ba2-4bbb-4d7f-a463-6d9a2310406c.jpg,2
5d163b5f-87e6-41ba-acfc-1786165dcab1.jpg,3
3ea38b88-ae7b-40f9-9808-b8797b8630e4.jpg,1
7bfa7533-4231-4b85-afe3-59942c483346.jpg,1
601f8e3f-a304-4a3c-ba5a-a9f468dd4b5f.jpg,1
15393c34-755a-4ca4-b99b-8f1a936e2223.jpg,3
d190c650-f8cd-444f-8334-603bf113003c.jpg,1
9b67a5ce-4ea1-4fe8-8923-dffc1188f2b2.jpg,3
795c3bb4-8507-412f-b801-73f148a2be28.jpg,2
6d897058-034b-4288-8d2e-ec27db91c0ad.jpg,4
237c252f-0a1f-4c53-bd88-2cfbcd60e5ff.jpg,4
854d8f3b-5925-4c14-8d0b-0b10384889d6.jpg,4
e261ef01-4d2e-4a0c-b6c3-65891127b8e0.jpg,4
2d240a0d-cadf-4ca4-99a1-c7ed744f4447.jpg,2
320b8ec5-f102-4bcb-9331-e537965cd2f0.jpg,1
f93357bf-7d6e-4332-a536-cd10720ae3e1.jpg,4
65bd107e-64f4-4734-bdc8-1d5bec330026.jpg,2
a40f873a-a5c6-46d6-8faa-dc8840eaf178.jpg,4
28e40979-77a6-4e5e-9227-148b9693090c.jpg,4
c4460126-ef94-4790-b983-1eb1b7079e09.jpg,4
e2298b27-ade3-474b-8d4e-fa8c8706ec3d.jpg,4
ac1f757e-14a1-478b-bb64-3fed8e02c076.jpg,3
72d82731-2398-46e4-a112-d08690287106.jpg,1
6369f2a0-18cb-4594-bcf3-3a0f25536a10.jpg,4
1cea6711-ce2e-499c-b065-795a1d5de0b2.jpg,2
f689bf20-7455-4618-a778-3db316a802a5.jpg,3
bee13c93-4114-4349-bb38-8a89db4d86ae.jpg,4
df3d9de7-c19c-4394-815e-63a28632b846.jpg,2
865d200c-4278-4a14-b937-50f34f0108c4.jpg,1
9bd57edb-7d59-4c4a-8638-0f47cb49e3f0.jpg,4
ddc53a92-0294-4b37-8103-6231a803f968.jpg,4
04cb3325-a9ac-4bb0-9e5b-dc3fd5fec579.jpg,3
d4003003-d63e-4d6c-a08f-43821f57aa74.jpg,4
7b9abb8c-a3e9-4bd3-bed4-88aad753d3bc.jpg,1
516ca093-531b-43c6-9cac-6b9b5366063f.jpg,2
995fe001-9712-4ed5-9e5e-aa5c870bf288.jpg,3
2e9473a3-bca7-4dc3-a46d-8ae28fc0f626.jpg,2
bcfaa418-94c6-4620-9962-0874a22f3418.jpg,2
60b57151-5148-49c3-bec2-f30976ee4541.jpg,1
a656e0d0-0ef7-4679-8b47-5dfb86889396.jpg,2
b7f9d11d-2dd9-4f44-a9a5-51332880ec70.jpg,1
c39ad505-8681-4716-8e7d-f6f9719c1b03.jpg,3
3537c0f2-5a21-4fc2-b8d6-4175d4495c5e.jpg,3
e7aae2c5-297b-46fe-8024-12958d1e43fa.jpg,1
b4c495e4-7594-48f9-80f1-b4801cace630.jpg,1
fcb3ca8b-4d80-4fa2-b1b8-1ecea6e787d3.jpg,1
d675069a-49fc-4a3c-98c6-4e2061149e64.jpg,3
3097b252-33a4-4a31-b95c-c2bd5962a609.jpg,1
49d19cbc-d92f-4c8a-97ad-07d882df5813.jpg,3
5738f493-d75e-4dbf-98f4-04e410e50351.jpg,4
ac227f3a-b633-4e30-9d06-8676d2b1fb48.jpg,4
73b74451-11a5-4f52-ad45-9479fc3835c6.jpg,4
b05682b1-1cbd-4e66-bf84-94f56230f20f.jpg,3
832260db-268c-4394-8a08-2e1345219a32.jpg,1
c55461b9-a3fe-4254-95c8-82925a426c5e.jpg,2
2f821aaa-8ac5-421e-b8bb-03e5aaee47f8.jpg,1
38d99ddd-8ae1-4746-b404-b4671501a036.jpg,4
95ee2ea8-9137-40ac-8084-47993363a3af.jpg,1
5c7d6822-e37d-4320-846e-ad1a7c245926.jpg,1
c758deb9-3770-4c32-b123-760278a8565f.jpg,1
e297ae84-8e3e-42d1-b54d-8263a48121a2.jpg,1
3087568b-f1b4-4686-8320-3a1ce363d775.jpg,1
1ffefd6e-b7b2-45ce-8e3a-47c538565b83.jpg,3
382cbea4-06f8-4d20-be5a-2c1b7b80999e.jpg,3
c012eb57-7c2b-4678-9970-dd81a99b1e48.jpg,1
12f2070b-6fed-4810-8e0d-048cfe983f4f.jpg,3
9eaabbcc-4119-47fb-a778-027132ae4d86.jpg,4
902ca42f-3183-43cb-bafc-15b1b9315eee.jpg,1
0eae54a2-b532-4c44-9439-6b10fde96495.jpg,2
e1767f4c-989e-4801-aab5-196dfcf843d2.jpg,1
e6f48ae5-924e-4de2-aabe-dc8add0baf4a.jpg,3
90d562a9-f2e5-4bac-a970-6d88b7b81885.jpg,3
dfdf9692-5e7a-4db0-a494-c56b25e1df20.jpg,2
39fa0f03-d1d8-41b8-bef5-635751a7bf11.jpg,3
3d4a2071-66d4-4e20-81df-86a289d7f777.jpg,4
80a464d0-3b7b-45db-8416-988970a4eb5b.jpg,1
65eb84d8-2b10-4469-b47e-ef500ab20777.jpg,1
646c7230-477b-4bb2-824a-344a2f6db577.jpg,3
b528e8cb-c70c-4bc1-840a-e93d23a1b727.jpg,1
62aaa075-f20c-4933-9d76-440f9b565bd2.jpg,3
7f635752-f19c-4a02-815a-424df36c105a.jpg,4
f1df643b-0f93-4ed9-87fd-6a7d2664d953.jpg,3
6099cfe7-6b02-4fa8-acf6-0331038db3d1.jpg,3
a365d13b-0f20-471e-aaf0-9b8eaa6ea9f4.jpg,1
5175d607-41a2-478d-8fee-c31204a8b4cb.jpg,3
8b336ecf-7de1-4903-96bd-172a466dae97.jpg,1
cb8fec9f-8d04-463c-978d-9544f4a92918.jpg,3
8ad336ba-4ce9-4f4d-a733-a97f6fcb2fde.jpg,1
32ad9bec-2e7e-4e51-a00a-eb54cb25ffca.jpg,1
c4257e6a-7b1d-4bc0-babf-1d905c89bacd.jpg,1
5c3e4f8e-b3ba-460c-9b98-b42ccbd2bd91.jpg,3
65ea04a9-5d8d-4ba3-9870-dda8cbe8ce7c.jpg,4
f6719dd1-24ef-4f98-9baf-7c958c3c1fca.jpg,3
0c69a7e5-8f4d-440c-b557-063e5568e190.jpg,1
f28bb8a8-2235-4b8e-a802-905d14ada24e.jpg,3
1c4dfc3b-d1dc-4d39-9150-3193255982bd.jpg,1
6651f9dd-ea38-4458-a877-e69d4a0fb74b.jpg,1
bc6316f9-60bc-412c-83a2-6d1cf9a18d06.jpg,2
852fe25a-4bf2-4697-8627-a76c98352a28.jpg,3
812e338d-0b2d-4ac0-800e-2f4893a98d77.jpg,3
ad7b2367-6fef-45c3-b17c-c3f61780ac6b.jpg,3
bfd5636a-5075-4cb6-94dc-947b822dbaa1.jpg,2
f995e6f7-4a7f-4cd9-aa0b-9ea7fbb1e9b3.jpg,1
f9a97a4c-6000-4631-b64e-622424524b29.jpg,1
fe4b9b12-2913-4652-b372-0e233afc22e7.jpg,2
5cf65467-a723-4be2-adc1-d80b19ab3f36.jpg,3
242effb5-878d-47bb-b4d0-e4bab7668ebd.jpg,4
44075093-9722-43ad-9476-fecdd4f5e472.jpg,2
6814773a-d066-4f78-a822-a5137278efb1.jpg,1
e6aa2518-36e4-4dd6-91de-797138fd4aee.jpg,3
448e81b5-5cc1-4176-94b8-90fa10d130fd.jpg,2
ce0c488d-8670-4d81-b04b-40b8e5a20add.jpg,2
4f55bfb0-4105-4670-9a55-82be53631848.jpg,3
f00138c6-a13b-4eec-98e5-7572e0ec1c0f.jpg,4
eb4c7da4-5bd5-4284-83ac-22bd853d572b.jpg,2
0b8b77a6-a697-407d-baa4-27ba33cafc3e.jpg,3
8c339185-fc9e-47ef-a026-658fa6536865.jpg,3
d39311c4-a2c9-4595-b9d3-fe81580152ee.jpg,2
5cf062d9-55ba-4688-a48b-2c4ca2729541.jpg,1
41a666d8-c137-4e6d-a595-68bbc3b771fd.jpg,2
183472ea-367c-4fce-8115-2ebf7be18a1e.jpg,1
793c7a6a-6e4c-4e37-bcad-58ad85942620.jpg,1
8b38c475-6403-4a54-a7b7-45dc014b95d5.jpg,4
112dec27-d66b-4561-be45-1905fb06dcb5.jpg,3
09e4e3c7-12e5-4999-9e6d-162859aea563.jpg,2
754f4668-bc35-40e5-b5da-de36c07525fd.jpg,3
a91a0bb8-4e21-4bcc-afab-8ede3e98575b.jpg,2
86ebe358-816a-4ae3-8e58-4b32f3dde728.jpg,1
7afd0a35-44ec-4197-95a7-07ec6c994036.jpg,1
72597fed-028f-4655-9f95-463e00cb2de8.jpg,2
23cc215a-a5ea-4bb6-be06-1ff45d88b192.jpg,4
ad504285-cbab-4833-a799-d68d86805dc3.jpg,3
bf442085-4a95-4d86-a777-1f3f53f42ded.jpg,1
4c52cd50-b20a-496b-ab1c-ce737e60d3df.jpg,1
18541f88-cdb4-45cc-b170-a8a22c0b59bd.jpg,3
ec8453ca-2de2-4e17-b75b-06eb44df4123.jpg,3
4b840be4-199b-4cfe-a3ca-2134446aa243.jpg,3
6510cc16-6a3b-4534-90ac-a77321b20f56.jpg,1
d9d25982-a56a-4ca6-9eca-bfd20d2f96c7.jpg,4
32bbb989-3342-4b22-b2a4-5be40f7c103f.jpg,1
8a1011b2-f6ac-48c9-a4cd-62d87f6e145a.jpg,3
23fd0a30-70d4-44d3-9778-05fc8d5be6fd.jpg,3
ebda0e33-43a2-4de6-adca-5a4839b514a6.jpg,1
5e8ce39c-d4d6-471a-a7fa-98ee66ae1be3.jpg,3
a41d80b4-ad49-4776-9d24-ca5c069f789d.jpg,1
1f0724e2-6592-4134-a974-7029fabae41a.jpg,2
a7b80d29-c368-4b4a-b48d-8b12105fd09f.jpg,4
f4a68046-eb3a-4ca7-b2f9-55297f9e64f9.jpg,3
a0999043-793d-4e5a-86a6-e418eb226e19.jpg,1
7b0023da-adf2-4a53-ab3d-a16ffc068b45.jpg,1
fdc0a3f0-c535-41b8-92a9-d328620a55b7.jpg,2
8c453a25-516e-44d4-b18a-173f5c721ace.jpg,4
670db90b-bc28-4705-88f9-7f745cbfba09.jpg,2
016721f6-4398-4ff1-a3ee-b0105fa78f68.jpg,3
8041b417-a4bd-4a24-b76c-7a43f968c2ba.jpg,4
134fc3fe-6967-460c-a758-470ab77425a7.jpg,2
2127d4da-05d5-455f-a4b1-07662805bca2.jpg,3
f7beda19-ee00-43de-9ffa-f782926d7d27.jpg,1
617ba92c-97b3-4c40-9c20-f75d79ebeda8.jpg,3
a77919c5-d94a-4e29-b005-fedee3ed6913.jpg,1
0df6b7db-7532-4414-9bea-c4e02cd1151b.jpg,4
79431c64-42e4-4588-8244-84d4da6fb2fc.jpg,2
24ff37f0-018e-4341-af55-33ed6139348c.jpg,2
79d31eac-7b15-486e-b3cc-b766795826b1.jpg,4
1e786b59-a0e2-4cb5-8d5a-a3ac31e2740d.jpg,1
dd28b578-c859-4a79-a931-1e0e697cbc5d.jpg,2
212c9861-fd85-4ae6-b3d6-bca737c1a712.jpg,3
90055a6d-27c7-41db-992e-6ed4cfbfb29d.jpg,2
79e84b7c-7b6a-410d-89dd-927d6ba215eb.jpg,3
63052ab9-d6b4-4dd5-b52a-1222b65f6e92.jpg,1
5e9c5710-741b-4eb5-8727-0b83d80743ed.jpg,1
b61cd13e-feed-40fe-b455-cfcf55c6da3a.jpg,3
5f661484-729d-4106-b4ea-664c3bcf84ea.jpg,4
ebc26dc6-53d2-4816-9407-7cdf22037bf9.jpg,2
ec85358f-7753-4e9d-815c-3a83be9e791b.jpg,2
122fbd67-4907-4988-b3d5-c8013a55575e.jpg,3
70f23d74-6f70-4993-90de-24f17bfead29.jpg,2
39833e90-7468-40ce-ad03-6082f0b3bdcc.jpg,4
cdb9509e-77e2-436c-92d8-742aec4dcd57.jpg,1
e7a7d871-313d-4214-bea4-5c98df6c47cb.jpg,1
45439385-7546-4aba-a55d-9db972d907c6.jpg,2
c9d9df0e-3554-4759-b519-dc31e9eefb70.jpg,2
b6a34980-8c12-492a-b301-567563b24dd4.jpg,3
7cc065ad-5c82-4b4c-b737-499637c8f859.jpg,2
e830b1b9-9114-4ec5-b09f-a43cd36b44da.jpg,1
1adb91d8-f1e3-4dcf-b2a9-8d02eec03435.jpg,1
c802c4b6-f1c4-4ae4-8437-6e8d0c683245.jpg,3
9ece354e-0f2e-4573-b129-5485db00d534.jpg,4
ec77d3a4-d177-4488-9b5b-c459177ad998.jpg,1
77aa1cde-072f-4a4f-bf6e-a0aec1dbf72e.jpg,1
68ba3bba-c413-4d17-8de0-169a9b897f6d.jpg,3
e2575739-7fe1-4dab-8638-e428cc53eb35.jpg,4
06a977ab-1664-4a9e-ba55-baac3a225973.jpg,1
5a28304c-b01d-4872-95a9-d9f5d6d68f79.jpg,4
600d1478-77a2-4d30-bd94-5ca294955614.jpg,1
144ffa73-b146-489f-a7a9-2d9ddc7c76b0.jpg,2
df70f221-aa2c-48ce-9992-464aebfa6691.jpg,4
b0efcc10-872f-4796-ad34-823b279dba97.jpg,3
79d5cdda-cf6a-4b87-b604-c8a1c32e4d55.jpg,2
340a8569-c9e3-4285-945a-3e2086feafa6.jpg,1
1b9040d7-5b25-4177-ad4a-108823897973.jpg,3
4fcd5f88-389d-48f1-8a36-aa244c3eb686.jpg,3
66315e02-ca6d-4db2-aa1e-48277c776c73.jpg,3
673dbb37-43de-4dc1-bf47-8c1d9f72505a.jpg,1
5e1a7542-3654-4565-a1c2-ec7ac81619de.jpg,1
62745cbc-8e67-4fe2-87e3-872ee3b97025.jpg,3
08653dfb-1126-4726-beb4-0896e4e8b285.jpg,2
4c17fdd8-50c8-4797-a65a-75e7b2c80544.jpg,1
023d5c57-9592-41d7-822a-e2cd21273f67.jpg,4
886acd14-5d11-4ecd-83a6-dcc93f23a5c2.jpg,2
9ffe1377-aacd-444b-aac3-41ea2077c157.jpg,3
16fa42eb-2f35-439f-bd71-4acc5ab4bd3e.jpg,1
e4c4c329-c888-4a27-b4f6-5e2636147e9d.jpg,4
9cd9c727-8743-4d24-8af4-6288527b8550.jpg,3
5c28c3c9-2100-4520-a3d7-b7bc08545201.jpg,4
85dd19b0-0cf6-49fc-980d-8bb068762fd6.jpg,4
3cbf0e55-2b91-4be6-9a16-4b86c8a2f33b.jpg,4
51ca63bb-d9f4-4430-9da0-18cfcd096050.jpg,4
ab673d43-a04f-4ca9-9dee-042a2d8e6bc8.jpg,3
2e6d7c42-57fc-4b9b-ad23-a52ee54d2e10.jpg,4
b206a134-4333-4d11-b9da-3d86fff70aae.jpg,2
3fb27f6e-c76b-46aa-a868-145439501030.jpg,3
9e78ef56-103a-414b-8d5c-920884371c89.jpg,1
ce3f521b-6fbc-43d5-a32a-8d1350108ef5.jpg,1
34de9c22-f7d4-4028-82ad-62a5c25c40ab.jpg,4
096754fe-1d10-4e5f-aa0f-62935650bded.jpg,2
8e4a8a25-93f2-42bc-b05e-ec80470c8265.jpg,3
258d43e3-4b0a-4633-859c-540658f07fc6.jpg,3
ae6e81bf-9065-465b-b154-5fddb24189b2.jpg,4
e027a7eb-cc5e-4b8a-adeb-76e5970c4e1e.jpg,4
51f70842-8c37-45c9-ad60-b48b3fca5a1d.jpg,1
d68de704-5f09-4853-bb74-a208aa2dc892.jpg,4
8636ffe2-5cde-4152-a17e-99c5a3201bb7.jpg,3
d3b064bb-d8e3-4967-8c84-e0c38390e846.jpg,3
7b87a002-e133-41c2-a7b1-7ffa5826f421.jpg,3
205ad153-c588-4b3c-894a-49888ae2f1e9.jpg,4
3ecb161f-6b75-4b7e-b798-01d2c1756226.jpg,2
ee805917-38aa-4005-b266-7a5338d3f8eb.jpg,2
88875675-0426-40ec-9c9d-7b90456180ae.jpg,3
297ca3ed-7a60-448d-877b-fac005ee090d.jpg,4
5cfb8d7f-a748-4ba4-998f-f52c7158798b.jpg,2
6798f2c2-2896-4cb0-9e26-017dbd2b505c.jpg,3
25d6ef27-c142-4e95-a586-987e65e7628c.jpg,4
442300ba-80a9-43d8-bce2-feed4fa812d3.jpg,4
cc4d157e-cbc6-48b8-be81-ecf950b43fd7.jpg,1
b22a3c2d-5ab1-4d1b-b273-8162a5619ccd.jpg,4
6f828715-5aa3-4f4a-bc25-6514474d8ab0.jpg,1
32ee917d-e05b-483b-a3a8-7cd059cf3d29.jpg,2
c60b0acc-6dc3-4e5c-b94d-9b35d2bc42ed.jpg,2
1c80b722-7abc-4bc0-9b14-a498f030dd2f.jpg,2
a6353699-1b0b-42db-85d1-ff947dac8c04.jpg,1
d24b378e-4bd9-4079-9aaa-e96043c5b133.jpg,2
54888921-e47d-415e-9b0c-6421cb66c99a.jpg,2
2952c8e9-193d-4e20-b537-736a4c1e216c.jpg,3
3f5d6911-94e1-4bf2-a938-931fe5cbdb52.jpg,4
38c07c3d-29ff-4e5f-a8ca-5826b3e68cee.jpg,3
0810d928-3b4d-4d27-9b3b-959dc1e57054.jpg,2
a5f252d0-aa55-4f4a-a339-fec4d82e8183.jpg,4
cb28cc25-8d91-45bc-af7f-6e7de1595a5e.jpg,4
dfc22ee9-00d8-4049-93bf-67329cda6032.jpg,2
c49c1280-28d3-4486-a8a8-1ed9e8e9952e.jpg,1
989a6a83-8c64-4761-9104-d3d33c33aca7.jpg,2
9c98cc0f-6695-4e3f-8a49-c226138bcd04.jpg,1
412cd192-a13c-47b1-8a6c-74b76dd3303c.jpg,4
95475233-aa16-44bb-b5d1-ca68c25fd0f5.jpg,1
627d18b9-7ba6-4909-93e1-add7cfe11683.jpg,2
32f63f4c-83c9-4cc8-a157-560d93bf48c9.jpg,2
01449b31-c18c-42a2-bdd1-77df0d5ba8ca.jpg,3
4aab3205-57b1-4eb7-bb77-47aee4673eec.jpg,3
a05e88a7-8c9b-41b9-837b-71d3de061b97.jpg,1
255accf8-d787-4b9a-a8f4-450096d7e526.jpg,2
af97c6cc-e7ce-4598-892d-978416661cf7.jpg,2
84bb1d2b-f1e6-4796-b38b-e52b4b348e13.jpg,1
284e4bb4-2887-415d-8068-640f468c7f52.jpg,3
1f4f265d-9a36-4401-b143-87b0d34d8b7d.jpg,1
6c139f71-d833-4bbf-b1f1-b9048ed9bf3f.jpg,3
be3c2671-8743-4253-a936-930aad2c6ead.jpg,2
0223a9bd-0213-4fec-9eab-4a789f8939e2.jpg,3
9224438f-c85a-4dda-8bf4-58d1a588bff2.jpg,2
2bb9545f-4985-4cd6-a267-2fd4c8552763.jpg,1
0f32bfd6-a6a8-479d-9f93-6f5453c35274.jpg,4
2a8008b9-71ca-42c8-a28d-c9a01633447c.jpg,2
67e6a092-be5f-45b3-b9c7-e884e8010d4b.jpg,2
65a89ddc-27a6-4678-ae87-413dafa7c67d.jpg,4
b719087f-1e32-4f0c-ae0d-3c996b8d19dc.jpg,1
def6523a-db39-4f5c-a376-81fa1160ddcf.jpg,3
6e8a935c-9f05-4a0b-b41d-29f501cf0146.jpg,1
920e8d2f-a665-4040-bbf0-93893af469c8.jpg,1
0204c268-6634-4a9b-9c4f-5ce80097fcc4.jpg,3
68c548f5-a6b5-4500-b024-aceddd10a5c7.jpg,2
5f50b46e-6257-4588-b35e-85bb02db0d65.jpg,1
c4a1fd11-df39-413f-a582-8052728103da.jpg,2
e5f1ef9b-50be-4177-9017-1a44590d1968.jpg,2
3b7f8ceb-79f4-428d-be1a-c4085e595c98.jpg,2
78b0e52e-c8a3-4883-92b3-ea3aaa17bca8.jpg,1
770d1663-6ceb-4972-a2cb-0a79c61806ea.jpg,4
4a72f8d9-3596-4ce7-821d-a51854dff0b1.jpg,3
40aa894f-2476-482c-8e2f-55ef8a1d6417.jpg,1
bcb5f903-b48c-49fd-b112-121d42c1faa2.jpg,1
67ec9617-ef13-4e44-9123-fe95fcd9cc2a.jpg,2
905e2059-005a-451b-a93e-88909a938f4e.jpg,1
fc97ed57-1b40-41a8-9cd7-e89b253018db.jpg,1
63743013-8954-4be3-884a-62f4235ae69d.jpg,3
31c662db-40cd-42ed-88e1-c8ee2dede881.jpg,4
1884718b-1c3f-49e5-8ce1-ceb0b21a15c9.jpg,4
8c28ae7f-5397-4ec1-bb1b-67f7971beca3.jpg,2
8d402129-294a-41dd-b9e8-fe1dd0becb42.jpg,4
8c13805a-4861-4053-849e-972a22d6c19e.jpg,3
36fd2183-5bda-4801-bea5-f2b7feae5b45.jpg,2
155f4f77-2401-432b-9296-ad0744753d45.jpg,4
4e476edc-34b4-4a98-880f-501c4e86e435.jpg,1
d388d95a-2885-440a-842a-747ad07af95d.jpg,2
27091af4-a566-4ed5-a723-dab524f57b28.jpg,4
cde892b7-6bff-477e-938c-cd4da7f6a5ee.jpg,3
bcfe8a5f-0db4-4d72-8eb3-93c955a7a7bf.jpg,1
0a8cd8df-0248-4078-a552-c1f6bfb27d1f.jpg,2
d2926692-9c10-400d-9a04-e180146bbcef.jpg,3
2f6b31a4-2b11-41af-b9e4-11fbea257a00.jpg,4
801c7395-c5a3-498a-bc09-f6b1f95ab594.jpg,1
a8f50a12-47eb-4259-ab3a-2a1523e900a6.jpg,2
af15ef1b-caac-49eb-b3e3-aeb1c92408e2.jpg,4
65818382-cbd6-4a3d-9b1c-a3865dbf76ec.jpg,2
cc04ad3f-5084-4fbc-8b92-327208b2356e.jpg,1
7827fac0-fc86-4d1a-b4f4-11e58b9951aa.jpg,1
06a682f1-c631-4d88-8df7-233c3ca5edae.jpg,4
0813e038-b57f-4f60-a63c-81ebd31e35ba.jpg,2
2d06a254-cea0-4351-a069-35e9cc3e97b5.jpg,3
77080fc3-4079-41ee-96d0-1da2248b7eaf.jpg,1
108802e2-a86c-4ca0-85f1-0c48e0ce58f6.jpg,1
8194aa79-e3f1-42c1-b455-956521b57753.jpg,4
31fb539c-14ee-4112-aed0-ba843efc0087.jpg,1
a9b3db11-7fea-469a-a45b-14ff06761dfa.jpg,2
37fab204-a9ee-44e9-97f0-eabbb9f1b4e0.jpg,2
043227da-43fb-4400-852c-66366b55adfe.jpg,2
d5ed6f3a-d9dd-4028-b72e-b8042fdd84c1.jpg,2
1a43aa25-0d29-4db6-a0eb-d0469688f880.jpg,1
742a1c55-1bb6-46a7-8ab6-ea61ab8474a6.jpg,1
e454123a-12cb-4408-8354-5c55dc91862a.jpg,2
1c8f0785-74f5-41ce-8683-f2ebfd0863ce.jpg,2
89c2b6bb-8d0f-431b-8117-a60c137a0ac4.jpg,2
0845ff4f-8c30-4e8e-a9ea-24fc033f361b.jpg,3
5a0e8c79-7815-43aa-8df1-fb6019dc7f9a.jpg,2
66f3a492-4fb1-457d-b61f-594ddf5e7d86.jpg,3
6d2c7dd0-33ac-45b9-b65d-6e3d4c4554d4.jpg,2
011de39a-f9bf-4953-a383-86211fca70b9.jpg,3
e4d3ff56-54db-4da2-be63-f4bb44448230.jpg,4
a8522278-d3e1-48db-ac4f-1ea37c784a94.jpg,1
82657bf2-168a-4795-bddf-1455048467a0.jpg,2
e46f1827-d3ec-4304-bc29-9892bddf044c.jpg,1
bf8ec768-1fa8-448a-848b-3a5f72a535a4.jpg,2
188cc911-b0a0-4052-9b43-b467742b45e6.jpg,3
3abe5de8-6e86-4d33-8b07-fd6c44889390.jpg,4
54ae120e-8b38-4631-bbc6-18d4fe3e13fd.jpg,1
30f359e3-dd2a-49fe-8f52-c364b5938182.jpg,4
c3335ea2-27fb-4c2b-9e2a-c9507cfd9da7.jpg,1
b608e619-dfd9-4305-9d75-1bdc0e592d54.jpg,3
0b7615f9-1fb1-423b-9cbd-7c2cd9d5e387.jpg,3
a233211a-53cb-45a0-9286-456bb57dbf8f.jpg,2
d5d51926-104c-45ed-8516-b29bd39eb38f.jpg,2
1ec48258-af56-4324-a3de-fc129b9d6344.jpg,2
7257bb76-087e-417c-9afa-a5d5f8d14c2f.jpg,3
d421fa68-8413-45f9-a440-fa7f91de3f46.jpg,4
8771efe3-82c7-41b3-81d0-3e2423202044.jpg,2
236cbceb-2bde-45a5-b4c6-8afcc87fdbba.jpg,3
409ba0c2-21bc-401d-88a3-784c02a594ed.jpg,4
c614ddf4-ad56-4873-8a7d-1eeb2afc0756.jpg,1
ff671381-cb4d-4f25-bb9f-4d5e88d913dc.jpg,1
25dfd256-69e4-4495-83fc-e8603d30bdf0.jpg,1
5489c2b1-551f-4267-a0c6-96d8b8060714.jpg,4
7373bef4-742c-4d20-935b-aff6f2df29ec.jpg,1
45987d91-7ec3-4665-8b81-e2037dd2259f.jpg,4
6070907e-6230-4611-8f9b-7c793006611d.jpg,1
52af99fd-789b-402c-b671-2f93a55944f1.jpg,2
d8ec5675-65b1-4a7a-a6ab-0573ed2c7d13.jpg,3
3cb3114f-c235-4803-bc7f-b5fc57a87e31.jpg,1
837ca8ff-b593-4d12-a27f-889fa2388ac2.jpg,3
4a1bfca3-8a05-4e82-b040-f68b0c25493c.jpg,2
ed50f82e-200d-4b06-90f5-7fee201f098d.jpg,3
d8a9d7fe-9732-4fad-94b4-6a59ec3f36d6.jpg,3
27790e17-0f3f-4eba-97fa-b7ed6f4cfe2a.jpg,4
d6e3bf14-acc3-47ef-9a83-2103b4ff3ed3.jpg,1
af1b1a68-3faa-4616-b7b2-c4e2a8229d8f.jpg,1
e608e2de-98dc-4b50-9fdf-8644b57c71c2.jpg,4
c8e80be8-2ccc-4689-b1d8-1629846ad45e.jpg,4
65d7d4b9-19cf-488e-a108-e72379bffa27.jpg,3
8731c0e0-ba56-44da-9831-a16af0cc0816.jpg,2
a535fbea-8d18-4c50-b574-9b453a093a5d.jpg,1
daac16c4-f7ef-4ccf-b3b6-d5f884a8351b.jpg,2
150b3ad2-7f1e-4640-9b88-367ca3c17fa3.jpg,1
645d92c8-7c0c-40d6-a1eb-6a40c930023c.jpg,4
7e9ca523-f2e8-4178-83b7-fa4ffe8bf19e.jpg,3
5ecbc906-2a86-41d7-857a-0a255ac6870f.jpg,3
6a7a4d6f-24cd-4b79-bd83-7c37fe4dd8f3.jpg,2
b854186b-e00d-478b-b86f-7c8cf8a829d3.jpg,2
40851e72-b064-4004-8399-7a94b9d7ea06.jpg,1
0757b6cf-5288-4e52-addf-96152d779cfd.jpg,2
baf4c5e2-d2b7-4e62-9673-126c9c451879.jpg,4
5b1c756f-954f-41a8-a26c-6c234d0dd6e5.jpg,1
e87a52bd-782a-4f29-8467-a6946c330dbf.jpg,2
7aa232d8-d4a1-40ff-bf21-638c4be85078.jpg,3
fc1b175e-717e-4ab2-aff7-61ee00cb8ef2.jpg,3
8cb11a42-796f-47e1-aee9-20d2ee9286a4.jpg,2
44c17093-f496-4bc9-8e31-1e9696258045.jpg,2
e1c06cd7-3587-4b8a-85aa-ef844c6a193c.jpg,1
0d6a09ac-8af0-436b-bd07-81cea13ee0f8.jpg,3
f8ff1728-cdb9-4e28-80a8-56c7b0e1af98.jpg,1
5ca9aa76-e108-4397-ac56-2e6fdb0137ae.jpg,1
26fc310a-72fc-401e-9ec8-d146687158d5.jpg,3
9e518561-23a7-4eea-8ff9-dd085df1d690.jpg,2
2db9f54f-2601-4ef3-a01c-de28c87d2908.jpg,1
d9d0de12-661e-4f98-a309-96290447a768.jpg,4
b6f26fc1-b002-4d91-8421-3bec9993c01f.jpg,1
4f278122-29a8-4e7e-807e-ab329da3123a.jpg,4
ee5ee269-2302-4784-92dd-bad41d7ebf26.jpg,1
51987f98-a847-4905-9aee-66cae6360f8e.jpg,4
ffb01c51-15e2-4df1-b611-46ff9be59748.jpg,4
fa6eae8b-77ff-4f34-b8f2-27315d9e5c75.jpg,2
24a83f22-dc61-4b8d-8734-df440fd4e8c0.jpg,2
d07f458a-d541-40a9-923c-8eb87d354ae4.jpg,1
9e44fbcc-720c-4fd3-aaef-01e8270ea92a.jpg,2
fa925519-b990-4d40-95d8-33a2a8bf5285.jpg,1
72dd5042-0ce4-43e0-941d-8499fcac803d.jpg,2
b3552e25-cabe-4892-8b95-173015562e1f.jpg,3
d54e7b89-e834-4383-91b7-0e95c6ac2f58.jpg,1
e243d64c-c594-47bd-bdb0-9aa493075b13.jpg,1
ed3237ab-8970-4e67-a679-2744cc5c8fc6.jpg,3
b2136ab9-1c97-4a2b-90a6-2256cb5eb608.jpg,1
afc3a759-4664-45de-82d0-403c60358846.jpg,3
232701ec-7626-405e-a5d6-b58d4a493474.jpg,1
0f4011dd-2cc0-4730-bb1a-c0d3d3d886ed.jpg,4
9d02e923-87a8-4d8c-a6c7-ca6506f2a3d2.jpg,2
8b3d9950-4349-4a3e-a4a4-1848d4360a32.jpg,3
85fcaab1-d72a-45fc-824c-9b268cfffd22.jpg,2
0d07bc25-4712-4300-8031-1f4467675271.jpg,1
a9f991b5-5a3a-450e-a325-76d95d58df78.jpg,4
f77108da-a850-4e1c-a38e-5c401673dd30.jpg,4
38cefe14-9598-4d08-a5d6-64053cf37abe.jpg,2
5aa252c3-c35d-491a-baaa-38abaaa661a9.jpg,4
4c420182-7732-43d0-b934-b49d370ea41d.jpg,1
f1a89481-eee1-4d2f-9155-4c36e99182ee.jpg,4
82cc755c-9221-4b6e-a834-851a291789b5.jpg,1
5e11664f-1874-4675-b4b9-fdc0d9e35240.jpg,1
25b89889-4bf1-4bda-9adf-38f7ba33cbf7.jpg,3
63c982ee-7722-477f-a126-16201af351e9.jpg,4
0eae3ff3-ced6-4427-ab93-af4e97ebe935.jpg,1
482948d8-cb37-468d-970a-f744baa27b24.jpg,1
06149b6c-bb05-442b-84c7-c079575b3d97.jpg,4
83ed29f1-670c-4b0c-a717-15d11163a661.jpg,1
5751b391-cdca-44e5-b7bf-f2f054a53f05.jpg,1
5e326898-7cee-42c5-82a7-0a5529be081e.jpg,2
efbf5d9e-5898-4d62-bb1c-31ac6f7810c8.jpg,3
84f6fc3a-164b-4b91-ac6b-298327862d72.jpg,3
33697667-9a94-4f81-b867-60b3271fc22c.jpg,1
59af194c-c9fb-4eec-9ac3-0fbb5a1f4932.jpg,4
c9045127-c851-42fd-b238-7192e1eb651b.jpg,4
12cff020-949a-45f1-a1e0-7b182df1be22.jpg,1
b2f0b4dc-a9e5-4d0a-85f5-a73a495363fe.jpg,2
30ea7ce2-5b84-4907-b5c1-89148fcbfd7e.jpg,1
53473a0c-3518-4e2c-b4d1-ff347941f858.jpg,2
a8f479bf-feed-41f3-9489-168c3a850fef.jpg,4
1165d63d-0a08-433c-b619-3db771de892e.jpg,1
0d88be59-f7de-474f-b8e1-39cb65e5dd7d.jpg,2
98a4c97e-acee-4f5f-85dc-7c77f2918838.jpg,2
d92814c2-ce4c-4bba-acae-5fe6c6fae22a.jpg,4
55f66ec1-44d3-45c2-9ab4-2e84f1689d4e.jpg,3
8c32270a-f2ea-48b1-a371-ecc7822acb7f.jpg,1
c3a833bd-8299-467f-8fc7-8117d3c18a35.jpg,3
0d47e16f-90bc-4508-af48-c9a5d064399b.jpg,1
73e04837-9d91-494e-b6de-233294e3982a.jpg,2
d0e370f9-6c2c-4010-b50d-a2d0543747c5.jpg,2
1200f14d-203d-4908-88f7-cbea98d7f4aa.jpg,3
933acb69-ec59-4de9-a020-f47d51a402a4.jpg,3
5620474a-e023-4b63-a856-eb7e99e30439.jpg,1
a90e2d3d-895b-4939-8ab2-609232a40f42.jpg,3
9fdc06d7-ee13-4b86-9b4c-0a5c5d0bda05.jpg,2
d4a5c2fb-272d-4508-ae30-1557e076d5b2.jpg,3
c2ac3632-d60b-4895-a4f7-bba2360dc09d.jpg,1
7af9b40d-fae9-4306-b7d7-a610a0a703dc.jpg,1
0d4e4fe0-8c80-46b9-aeeb-89aa5014b8f7.jpg,3
00f96c59-de7b-4363-b056-71b1298a8559.jpg,2
11357d5b-4402-48cb-a8ea-6ff985593184.jpg,3
faf56eef-5c18-4aea-8a87-0d6c79e90dc8.jpg,2
25cc248b-e84d-430c-8f08-3c53155e2d6f.jpg,1
15737653-8d6b-480c-9d13-dc0f6051b6b3.jpg,4
aa2f620f-106c-424f-b683-52b197c432fe.jpg,3
eb284fce-a164-4c3c-81a1-c62b52cac706.jpg,2
7a121bdf-c990-48c7-895e-0dcb0ea1e99e.jpg,1
c84a0c27-27da-467f-88d0-bddc71237c76.jpg,3
134023ef-7245-4c2d-b4f9-058fae3b91dd.jpg,4
0d4ab3bf-09b6-441c-a02f-b3d6b561bced.jpg,4
d3949fd9-49f0-4a25-8d41-4adcf76a57a2.jpg,4
8345bc4f-866e-4958-828c-a03d1d7ce678.jpg,1
843d9afb-3892-4db9-ba21-0197883e2802.jpg,2
76669eba-f87a-4417-b4f6-2314b28104f9.jpg,1
97f50cf7-5404-448b-a74b-9f2cfabdde90.jpg,1
498877f8-f0a8-4d39-9dbf-e7ab1abb0496.jpg,1
f280160d-cedc-4871-99a3-6721623c1355.jpg,4
5da68ce8-f50a-4150-9b0f-de9d406fcf05.jpg,4
7195021e-75be-4c09-9433-316260224359.jpg,4
3bd1acbf-363e-48e2-a844-d3bc9917753b.jpg,2
8ca18997-c518-41a3-b74c-4b25ed3ca34e.jpg,1
885299df-6f99-4869-a26b-78c94f6e7989.jpg,3
d3d4b8d9-ad1a-44e5-a1af-d33ae211468b.jpg,2
257817a4-79c7-4e34-acda-6f000df4d40f.jpg,1
737d0ecc-3c2e-4a33-a568-7b98ec8b17f0.jpg,3
cdcc57f1-6352-4e09-ba52-3a75564025e6.jpg,1
4dea8970-aeec-45b6-928a-94dc374d18eb.jpg,4
2598c85e-ef68-4fee-bafb-05c0af4a7cdc.jpg,4
07f9c986-d32a-4cc1-93da-482f7acc9936.jpg,3
af541779-bb83-49fe-b5a6-41998df7c752.jpg,3
74599d60-ffde-45ae-b850-2feb622cfc95.jpg,1
21533b1b-7862-4cf2-9092-e06607f56127.jpg,2
bd9bb6c9-ecde-49d9-9d19-0164433b3b88.jpg,3
9f4f87d1-a767-4f9f-826a-0f9694847384.jpg,1
620302aa-4c65-4d0c-8970-4b3357ba3a20.jpg,4
3e60052b-cfcf-469b-adb7-b5301804ff64.jpg,1
3f219cdd-8847-4a91-bb52-31fd1c5ecd1a.jpg,3
3389906d-c00b-4d17-b9c2-1854d2ad543f.jpg,2
143dcc11-7691-4a19-ad5d-9cb8cafe8881.jpg,2
d4137064-da59-4140-8563-a92984d1ed6a.jpg,2
524b2249-3d0e-481d-b84e-14942469595a.jpg,1
d22c1d5c-fa8a-49c3-98b6-c9c93e9375b7.jpg,2
b128bb30-10cc-4e46-9bea-aca457f462f4.jpg,2
1379dfe4-a82f-4810-a29e-0eb8d1ed6e31.jpg,3
5d00af87-6fc3-4221-a1a5-97f88ea81a5f.jpg,4
983f7d54-8df3-4c49-b1b7-ca6159448dc8.jpg,4
1ffe9740-d7bd-4dfe-a58b-2d00a9840c57.jpg,1
12fb2233-34ae-4f51-a14c-f3697927e6a5.jpg,1
c060c8b6-c14a-4af9-b3b5-8bb9226bff89.jpg,4
cc7d9fd4-381b-4da5-947a-dbfbed35af34.jpg,2
c6b5f514-5f43-4252-9b23-51df39559f55.jpg,2
d59af7e9-9f5b-4b05-8b93-4a0a17903a49.jpg,1
d4a4516d-0793-4eb9-b33a-79185fe17dfa.jpg,1
03750a5c-0e8e-4bec-9efb-2b8950417b88.jpg,2
b5d1f3d1-4502-4813-9221-c3d30d539c98.jpg,3
1644f2cc-5c7f-422e-9489-8daed0a2c070.jpg,3
011dc371-2170-4a9a-a053-8ae45909ada9.jpg,2
e3586078-1b31-4f37-8d75-d75b394887c5.jpg,1
4828cf15-dbbd-465a-960d-440b7ed69d8b.jpg,1
c05e3033-cb4a-4087-8191-f9e28e632bc0.jpg,1
8370dcf1-94ce-45b3-bd14-13c350032eed.jpg,2
31429965-cf2d-4b5e-aedd-a57db003ca45.jpg,4
4d3d65ce-27d7-489b-8044-330a9367559c.jpg,2
78d77033-d797-49a8-b65c-0ae59214a739.jpg,4
602d3f3f-9352-45ea-9c96-dc8dd4ff2a61.jpg,3
826ab80b-6e9f-45f0-9515-b9553be97c79.jpg,3
f9b62aae-c317-4548-93d7-b2cb0cf4bfe1.jpg,4
5abc2638-e27e-476f-b2cc-2fe44b1a0dba.jpg,3
fcfd3b54-6809-4d19-b008-f1f5413d0879.jpg,4
cf71559f-bc4e-451d-8d4a-d2bc3852c87c.jpg,1
e80f938c-acf9-49e8-93dd-829023a6010b.jpg,3
0ae12eb0-df54-4a93-85d0-ab87c72bd376.jpg,1
c0aaf185-5b2e-4ad6-a5fd-3d191686d8b9.jpg,1
bae05220-3898-4635-b753-e7618de462df.jpg,3
4513a37e-2b9b-4401-9335-886abdce2a2f.jpg,2
8700da39-2a1f-405d-8170-f5ee46d9494f.jpg,3
c7378b16-0f42-4a0f-97d9-8337b475f2c7.jpg,3
7883a154-6e96-40fd-b983-e18c8d52f3ef.jpg,3
5cdbf4c6-26e8-461b-a230-ecfad6ea4c07.jpg,4
3a4e0fc6-cbd4-428c-8483-f43402689a1e.jpg,3
8dac6f8f-07d8-4db7-bb86-14a82706b571.jpg,2
4e8bcd46-ff99-4460-98e5-e4e8e01cf15f.jpg,1
a980287d-e94f-4d0a-8273-5b2d6a8db2c8.jpg,2
fddc5da6-81f4-4db6-9366-68e914b1559f.jpg,2
4b786a31-090a-4bce-8d21-4924aa89ca43.jpg,3
2643efcc-3a65-493a-960d-ce0927636dee.jpg,3
86597f39-27de-46db-9e41-c43ea28aa353.jpg,2
8a7fa491-219b-4435-b07d-7914a188eec9.jpg,3
9259a7ad-cbc0-4401-a0cc-7abf67cdd066.jpg,4
4f446922-3b2c-4f7c-bb99-f79d15c7907f.jpg,1
1498bc59-5c66-47ec-8014-2a2b96f12baa.jpg,1
9fdfdb5b-b5c4-4d02-82be-48477f105645.jpg,1
be49506b-5c9c-4ba8-b78d-157ee6247ffe.jpg,2
2eb6e9f3-2922-4fe6-80de-0190c0a98c41.jpg,3
f67f4a6a-5faa-46d7-b8b8-28493fab2f51.jpg,1
67dbae13-c3e6-4ae5-87c8-b21476493e95.jpg,1
278bbc69-e267-4233-9f36-34120ca60696.jpg,1
c7602fed-5e49-4db8-8d80-ada0b1802f24.jpg,4
d85c8f75-cb5d-4f4f-9e44-bc4cf2cc83ba.jpg,1
18ecfb83-c30a-48a4-b15b-0ef805bf7ea5.jpg,3
3c7f794d-e4fe-4db1-a101-a8d9c4bf646c.jpg,3
c82c916d-ace6-46a4-aef7-161413d9cdc6.jpg,4
1a0fa6e0-ca74-43b3-aa68-d678da8763b7.jpg,3
b206fb0a-13b3-4fdc-86e1-f3e4a9cb1f95.jpg,4
293c0d71-136a-457a-a692-61fd00587c6c.jpg,2
6d239805-5755-4809-a194-0cd78b361297.jpg,2
51ab75f6-514e-4b63-9ada-5c1afcc530d1.jpg,3
e8c9136b-e253-46e6-a515-6fecf044caae.jpg,1
9af390d6-5737-4f38-9994-cc7bc3b1d0be.jpg,3
47ba1cf0-aede-4d2e-a0df-acbdcb4c8b8a.jpg,3
102f0c1f-49b5-4249-bfcc-4971cb7a47bf.jpg,1
f93dfa7c-97b8-49f5-bd59-db237bc799a5.jpg,4
f716cfbd-c5fc-405f-922b-3d70a465736e.jpg,2
941da4e5-f393-4fba-b3cd-f20a4c947f6d.jpg,2
79b987cf-23fa-4478-bb6c-62f06d99a137.jpg,2
ff85d527-f3e8-4882-bead-bf4ef393b128.jpg,3
52ce266f-3963-4f5c-89d5-6f255c5b4060.jpg,2
42a5b7cb-9945-4aca-be5a-1c3dc89bd83e.jpg,3
22a414fc-eb13-4025-bbe1-b093ad8b08e3.jpg,2
8ddedc46-ec2e-4a06-9876-489a97f799cf.jpg,3
b578b308-7d53-4bfc-a5b6-8a9898e9d0f2.jpg,3
e5c85fc8-99fb-4252-9011-8574709e0022.jpg,1
e5ec095f-18f5-4bb8-a6a4-2a7d6f282d4f.jpg,2
6a4576bf-1ea7-44b6-a477-0e3038bb9492.jpg,1
bc0039da-f0c9-4963-9e6f-1bad224dc033.jpg,1
6199dd88-7a9c-4c7b-99ce-7f3d7d24b9fa.jpg,1
e8107d65-ac45-4bef-b3ab-4a533fc32c7f.jpg,4
7fd9e147-7884-48b5-8114-f07194d5a789.jpg,2
f6e15c14-6238-4f5c-91c3-f2667d9e190f.jpg,4
305bc768-3a28-4605-85e9-03045e8a0704.jpg,3
2d0b16ed-bd9c-4670-8d0b-8c9c84bf548b.jpg,3
6dedc347-eb68-47d9-9910-25389ca54e19.jpg,3
6d8171a3-1503-462c-b0a8-46e1e3fd3d43.jpg,1
c271280c-eb60-4c0c-b090-fec9abb1fd3a.jpg,4
50088ffe-8626-4da4-8d8f-1623f36c9f4d.jpg,2
7dc09a52-10fb-4bc1-b21d-eb1c3d5440e3.jpg,3
2fff1318-6f75-4da4-88f6-021cb7836c59.jpg,2
eb67c1f1-6b30-4e92-b678-923b3c0de066.jpg,1
4a3a901c-020e-494e-9ece-bb09a9801735.jpg,2
04f6cc9e-a80d-449d-a9b2-993ec998b54a.jpg,1
76ca8060-b811-49dc-91f1-7e348aff7a79.jpg,2
5084f8b6-e585-4cdf-8349-81430a2db3a7.jpg,1
213b3e12-1711-4801-9c5d-dc0fbe00dd3d.jpg,4
da8c264c-416f-49d0-89be-59150115936f.jpg,1
eedff92a-bf0f-41d1-9cc6-f6bccd4f2b42.jpg,4
c8e8e99c-7c15-46fe-9e09-0b0cd2074dbb.jpg,3
13e6914f-0d8d-435a-ad8c-c2b7d3b49055.jpg,3
dce2929e-f09c-4bf8-b6b4-1fccac3c31b3.jpg,3
87d6029f-1d0b-46a2-87e2-4ec1012d87ed.jpg,3
c636210c-535f-4e67-8abf-f93d66cbcc8f.jpg,1
e9e25883-58a0-4560-aa84-923466d508e6.jpg,1
15232646-c5bc-4bd8-86e4-cd6f22f8b9e2.jpg,3
88f864f6-1dc7-4f4a-a73f-285fa871741b.jpg,4
e2758eb3-857a-4877-b686-6ee750e5939b.jpg,2
341f3d4e-c8ab-4afe-9e6e-f46da0d0020f.jpg,2
0204f07d-a6c5-4b3b-87af-77d8a7525e9a.jpg,3
df090935-9e89-4914-9f1e-6a81a5e381cd.jpg,1
3b0f4d5f-b4a7-481a-8d72-b203c34af819.jpg,2
81badebe-fd6f-4143-9768-664899dfe094.jpg,1
8e9aebbd-7dae-46d2-bf9c-47966ac1c488.jpg,4
b0b857c8-dbe5-40f6-8d22-cbc6d3e4f5b8.jpg,2
e5554090-b85b-48ce-b1cb-cb8658da7988.jpg,4
c5a69fb2-c642-4e7a-ab6e-2ea6e3284a3a.jpg,3
3e80c202-9831-4a37-bf84-8525d76fc72a.jpg,1
cb60f608-a8cd-4ba9-a1eb-372622ab4ed3.jpg,3
71dbc6f4-3a24-4f28-8d56-e699645cb5ff.jpg,3
58009e56-d625-431b-b817-edef615f1675.jpg,4
aea16823-feaf-4d44-99c5-2ca721a08cc0.jpg,3
00f9b2bf-f9b0-4e87-b98f-1e9f52169cc4.jpg,3
1c4d9de0-fc3d-414d-8271-afe45ff56d5f.jpg,4
a48b5575-2a89-46eb-b2f2-bfded8c2e256.jpg,2
4e807df0-cd88-45e4-a502-323087843679.jpg,2
12bd240e-8b8c-4ebf-80b4-42c62c3f32cc.jpg,3
c46d33cd-268a-468f-947d-aa5258394afa.jpg,1
f77792ab-10da-4960-a3c4-8c512cf37138.jpg,1
3dd52c24-fb37-474c-802f-6103a68420f7.jpg,3
6a692f31-0a9d-45d8-bfb6-1ace6fc0a8ce.jpg,2
defd4dd1-8a06-41a3-863b-581c4e4d13cc.jpg,4
